Workbook

Sheet 사용법
B2: 대출 이자 계산기 — 사용법
B4: 1. [계산기] 시트의 노란 칸(파란 글씨) 5개만 바꾸세요. 나머지는 자동 계산됩니다.
B5: · 대출 원금(원) · 연 이자율 · 대출 기간(개월, 최대 480) · 상환 방식(목록에서 선택) · 금리 변동 폭
B6: 2. [계산기] 아래 "금리가 바뀌면?" 표에서 금리가 오르내릴 때 월 상환액·총이자 차이를 비교할 수 있습니다.
B7: 3. [상환스케줄] 시트에서 매달 이자·원금·남은 잔액을 확인할 수 있습니다.
B9: 상환 방식 설명
B10: · 원리금균등: 매달 같은 금액(이자+원금)을 냅니다. 초반엔 이자 비중이 큽니다.
B11: · 원금균등: 매달 같은 원금을 갚아 상환액이 점점 줄어듭니다. 세 방식 중 총이자가 가장 적습니다.
B12: · 만기일시: 매달 이자만 내고 마지막 달에 원금을 한 번에 갚습니다. 세 방식 중 총이자가 가장 많습니다.
B14: 꼭 읽어 주세요
B15: · 월 단위 단순 계산(연 이자율 ÷ 12)입니다. 실제 은행 이자는 일할 계산·우대금리·수수료 등에 따라 다를 수 있습니다.
B16: · 변동금리 대출은 계약서의 금리 변동 주기·기준금리(코픽스 등)에 따라 실제 적용 시점이 다릅니다.
... B19: 제작: 에이팜의 이야기 보따리 (blog.naver.com/iwmyd99) · Excel·구글 스프레드시트에서 동작합니다.

Sheet 계산기
B2: 대출 이자 계산기
B3: 노란 칸만 바꾸세요 (예시 값이 들어 있습니다)
B5: 대출 원금 | C5: 300000000 | D5: 예시 값. 본인 대출 원금으로 바꾸세요.
B6: 연 이자율 | C6: 0.045 | D6: 예시 값. 연 4.5%는 4.5% 로 입력.
B7: 대출 기간(개월) | C7: 360 | D7: 1~480개월. 30년 = 360.
B8: 상환 방식 | C8: 원리금균등 | D8: 목록에서 선택: 원리금균등 / 원금균등 / 만기일시
B9: 금리 변동 폭 | C9: 0.0025 | D9: 아래 비교표의 한 칸 간격. 0.25%p = 0.25%.
B11: 계산 결과
B12: 월 이자율 | C12: =C6/12
B13: 첫 달 상환액 | C13: ='상환스케줄'!F6
B14: 마지막 달 상환액 | C14: =INDEX('상환스케줄'!F6:F485,C7)
B15: 총 이자 | C15: =SUM('상환스케줄'!D6:D485)
B16: 총 상환액 | C16: =C5+C15
B18: 금리가 바뀌면? (상환 방식별 비교)
B19: 금리 변동 | C19: 적용 연 이자율 | D19: 원리금균등 월 상환액 | E19: 원금균등 첫 달 상환액 | F19: 만기일시 월 이자 | G19: 총이자 차이(선택 방식)
B20: =-2*$C$9 | C20: =MAX(0,$C$6+B20) | D20: =IF(C20=0,$C$5/$C$7,PMT(C20/12,$C$7,-$C$5)) | E20: =$C$5/$C$7+$C$5*C20/12 | F20: =$C$5*C20/12 | G20: =IF($C$8="원리금균등",IF(C20=0,0,PMT(C20/12,$C$7,-$C$5)*$C$7-$C$5),IF($C$8="원금균등",$C$5*C20/12*($C$7+1)/2,$C$5*C20/12*$C$7))-IF($C$8="원리금균등",IF($C$22=0,0,PMT($C$22/12,$C$7,-$C$5)*$C$7-$C$5),IF($C$8="원금균등",$C$5*$C$22/12*($C$7+1)/2,$C$5*$C$22/12*$C$7))
B21: =-1*$C$9 | C21: =MAX(0,$C$6+B21) | D21: =IF(C21=0,$C$5/$C$7,PMT(C21/12,$C$7,-$C$5)) | E21: =$C$5/$C$7+$C$5*C21/12 | F21: =$C$5*C21/12 | G21: =IF($C$8="원리금균등",IF(C21=0,0,PMT(C21/12,$C$7,-$C$5)*$C$7-$C$5),IF($C$8="원금균등",$C$5*C21/12*($C$7+1)/2,$C$5*C21/12*$C$7))-IF($C$8="원리금균등",IF($C$22=0,0,PMT($C$22/12,$C$7,-$C$5)*$C$7-$C$5),IF($C$8="원금균등",$C$5*$C$22/12*($C$7+1)/2,$C$5*$C$22/12*$C$7))
B22: =0*$C$9 | C22: =MAX(0,$C$6+B22) | D22: =IF(C22=0,$C$5/$C$7,PMT(C22/12,$C$7,-$C$5)) | E22: =$C$5/$C$7+$C$5*C22/12 | F22: =$C$5*C22/12 | G22: =IF($C$8="원리금균등",IF(C22=0,0,PMT(C22/12,$C$7,-$C$5)*$C$7-$C$5),IF($C$8="원금균등",$C$5*C22/12*($C$7+1)/2,$C$5*C22/12*$C$7))-IF($C$8="원리금균등",IF($C$22=0,0,PMT($C$22/12,$C$7,-$C$5)*$C$7-$C$5),IF($C$8="원금균등",$C$5*$C$22/12*($C$7+1)/2,$C$5*$C$22/12*$C$7))
B23: =1*$C$9 | C23: =MAX(0,$C$6+B23) | D23: =IF(C23=0,$C$5/$C$7,PMT(C23/12,$C$7,-$C$5)) | E23: =$C$5/$C$7+$C$5*C23/12 | F23: =$C$5*C23/12 | G23: =IF($C$8="원리금균등",IF(C23=0,0,PMT(C23/12,$C$7,-$C$5)*$C$7-$C$5),IF($C$8="원금균등",$C$5*C23/12*($C$7+1)/2,$C$5*C23/12*$C$7))-IF($C$8="원리금균등",IF($C$22=0,0,PMT($C$22/12,$C$7,-$C$5)*$C$7-$C$5),IF($C$8="원금균등",$C$5*$C$22/12*($C$7+1)/2,$C$5*$C$22/12*$C$7))
B24: =2*$C$9 | C24: =MAX(0,$C$6+B24) | D24: =IF(C24=0,$C$5/$C$7,PMT(C24/12,$C$7,-$C$5)) | E24: =$C$5/$C$7+$C$5*C24/12 | F24: =$C$5*C24/12 | G24: =IF($C$8="원리금균등",IF(C24=0,0,PMT(C24/12,$C$7,-$C$5)*$C$7-$C$5),IF($C$8="원금균등",$C$5*C24/12*($C$7+1)/2,$C$5*C24/12*$C$7))-IF($C$8="원리금균등",IF($C$22=0,0,PMT($C$22/12,$C$7,-$C$5)*$C$7-$C$5),IF($C$8="원금균등",$C$5*$C$22/12*($C$7+1)/2,$C$5*$C$22/12*$C$7))
B26: ※ 비교표는 대출 전 기간에 같은 금리가 적용된다고 가정한 단순 계산입니다.
B27: ※ 검산: "현재" 행의 총이자 차이는 항상 "-"(0원)입니다.

Sheet 상환스케줄
B2: 월별 상환 스케줄
B3: ='계산기'!C8&" · 원금 "&TEXT('계산기'!C5,"#,##0")&"원 · 연 "&TEXT('계산기'!C6,"0.00%")&" · "&'계산기'!C7&"개월"
B5: 회차 | C5: 기초 잔액 | D5: 이자 | E5: 원금 | F5: 상환액 | G5: 기말 잔액
B6: =IF(1<='계산기'!$C$7,1,"") | C6: =IF(B6="","",'계산기'!$C$5) | D6: =IF(B6="","",C6*'계산기'!$C$12) | E6: =IF(B6="","",IF(B6='계산기'!$C$7,C6,IF('계산기'!$C$8="원리금균등",IF('계산기'!$C$12=0,'계산기'!$C$5/'계산기'!$C$7,PMT('계산기'!$C$12,'계산기'!$C$7,-'계산기'!$C$5))-D6,IF('계산기'!$C$8="원금균등",'계산기'!$C$5/'계산기'!$C$7,0)))) | F6: =IF(B6="","",D6+E6) | G6: =IF(B6="","",C6-E6)
B7: =IF(2<='계산기'!$C$7,2,"") | C7: =IF(B7="","",G6) | D7: =IF(B7="","",C7*'계산기'!$C$12) | E7: =IF(B7="","",IF(B7='계산기'!$C$7,C7,IF('계산기'!$C$8="원리금균등",IF('계산기'!$C$12=0,'계산기'!$C$5/'계산기'!$C$7,PMT('계산기'!$C$12,'계산기'!$C$7,-'계산기'!$C$5))-D7,IF('계산기'!$C$8="원금균등",'계산기'!$C$5/'계산기'!$C$7,0)))) | F7: =IF(B7="","",D7+E7) | G7: =IF(B7="","",C7-E7)
B8: =IF(3<='계산기'!$C$7,3,"") | C8: =IF(B8="","",G7) | D8: =IF(B8="","",C8*'계산기'!$C$12) | E8: =IF(B8="","",IF(B8='계산기'!$C$7,C8,IF('계산기'!$C$8="원리금균등",IF('계산기'!$C$12=0,'계산기'!$C$5/'계산기'!$C$7,PMT('계산기'!$C$12,'계산기'!$C$7,-'계산기'!$C$5))-D8,IF('계산기'!$C$8="원금균등",'계산기'!$C$5/'계산기'!$C$7,0)))) | F8: =IF(B8="","",D8+E8) | G8: =IF(B8="","",C8-E8)
B9: =IF(4<='계산기'!$C$7,4,"") | C9: =IF(B9="","",G8) | D9: =IF(B9="","",C9*'계산기'!$C$12) | E9: =IF(B9="","",IF(B9='계산기'!$C$7,C9,IF('계산기'!$C$8="원리금균등",IF('계산기'!$C$12=0,'계산기'!$C$5/'계산기'!$C$7,PMT('계산기'!$C$12,'계산기'!$C$7,-'계산기'!$C$5))-D9,IF('계산기'!$C$8="원금균등",'계산기'!$C$5/'계산기'!$C$7,0)))) | F9: =IF(B9="","",D9+E9) | G9: =IF(B9="","",C9-E9)
B10: =IF(5<='계산기'!$C$7,5,"") | C10: =IF(B10="","",G9) | D10: =IF(B10="","",C10*'계산기'!$C$12) | E10: =IF(B10="","",IF(B10='계산기'!$C$7,C10,IF('계산기'!$C$8="원리금균등",IF('계산기'!$C$12=0,'계산기'!$C$5/'계산기'!$C$7,PMT('계산기'!$C$12,'계산기'!$C$7,-'계산기'!$C$5))-D10,IF('계산기'!$C$8="원금균등",'계산기'!$C$5/'계산기'!$C$7,0)))) | F10: =IF(B10="","",D10+E10) | G10: =IF(B10="","",C10-E10)
B11: =IF(6<='계산기'!$C$7,6,"") | C11: =IF(B11="","",G10) | D11: =IF(B11="","",C11*'계산기'!$C$12) | E11: =IF(B11="","",IF(B11='계산기'!$C$7,C11,IF('계산기'!$C$8="원리금균등",IF('계산기'!$C$12=0,'계산기'!$C$5/'계산기'!$C$7,PMT('계산기'!$C$12,'계산기'!$C$7,-'계산기'!$C$5))-D11,IF('계산기'!$C$8="원금균등",'계산기'!$C$5/'계산기'!$C$7,0)))) | F11: =IF(B11="","",D11+E11) | G11: =IF(B11="","",C11-E11)
B12: =IF(7<='계산기'!$C$7,7,"") | C12: =IF(B12="","",G11) | D12: =IF(B12="","",C12*'계산기'!$C$12) | E12: =IF(B12="","",IF(B12='계산기'!$C$7,C12,IF('계산기'!$C$8="원리금균등",IF('계산기'!$C$12=0,'계산기'!$C$5/'계산기'!$C$7,PMT('계산기'!$C$12,'계산기'!$C$7,-'계산기'!$C$5))-D12,IF('계산기'!$C$8="원금균등",'계산기'!$C$5/'계산기'!$C$7,0)))) | F12: =IF(B12="","",D12+E12) | G12: =IF(B12="","",C12-E12)
B13: =IF(8<='계산기'!$C$7,8,"") | C13: =IF(B13="","",G12) | D13: =IF(B13="","",C13*'계산기'!$C$12) | E13: =IF(B13="","",IF(B13='계산기'!$C$7,C13,IF('계산기'!$C$8="원리금균등",IF('계산기'!$C$12=0,'계산기'!$C$5/'계산기'!$C$7,PMT('계산기'!$C$12,'계산기'!$C$7,-'계산기'!$C$5))-D13,IF('계산기'!$C$8="원금균등",'계산기'!$C$5/'계산기'!$C$7,0)))) | F13: =IF(B13="","",D13+E13) | G13: =IF(B13="","",C13-E13)
B14: =IF(9<='계산기'!$C$7,9,"") | C14: =IF(B14="","",G13) | D14: =IF(B14="","",C14*'계산기'!$C$12) | E14: =IF(B14="","",IF(B14='계산기'!$C$7,C14,IF('계산기'!$C$8="원리금균등",IF('계산기'!$C$12=0,'계산기'!$C$5/'계산기'!$C$7,PMT('계산기'!$C$12,'계산기'!$C$7,-'계산기'!$C$5))-D14,IF('계산기'!$C$8="원금균등",'계산기'!$C$5/'계산기'!$C$7,0)))) | F14: =IF(B14="","",D14+E14) | G14: =IF(B14="","",C14-E14)
B15: =IF(10<='계산기'!$C$7,10,"") | C15: =IF(B15="","",G14) | D15: =IF(B15="","",C15*'계산기'!$C$12) | E15: =IF(B15="","",IF(B15='계산기'!$C$7,C15,IF('계산기'!$C$8="원리금균등",IF('계산기'!$C$12=0,'계산기'!$C$5/'계산기'!$C$7,PMT('계산기'!$C$12,'계산기'!$C$7,-'계산기'!$C$5))-D15,IF('계산기'!$C$8="원금균등",'계산기'!$C$5/'계산기'!$C$7,0)))) | F15: =IF(B15="","",D15+E15) | G15: =IF(B15="","",C15-E15)
B16: =IF(11<='계산기'!$C$7,11,"") | C16: =IF(B16="","",G15) | D16: =IF(B16="","",C16*'계산기'!$C$12) | E16: =IF(B16="","",IF(B16='계산기'!$C$7,C16,IF('계산기'!$C$8="원리금균등",IF('계산기'!$C$12=0,'계산기'!$C$5/'계산기'!$C$7,PMT('계산기'!$C$12,'계산기'!$C$7,-'계산기'!$C$5))-D16,IF('계산기'!$C$8="원금균등",'계산기'!$C$5/'계산기'!$C$7,0)))) | F16: =IF(B16="","",D16+E16) | G16: =IF(B16="","",C16-E16)
B17: =IF(12<='계산기'!$C$7,12,"") | C17: =IF(B17="","",G16) | D17: =IF(B17="","",C17*'계산기'!$C$12) | E17: =IF(B17="","",IF(B17='계산기'!$C$7,C17,IF('계산기'!$C$8="원리금균등",IF('계산기'!$C$12=0,'계산기'!$C$5/'계산기'!$C$7,PMT('계산기'!$C$12,'계산기'!$C$7,-'계산기'!$C$5))-D17,IF('계산기'!$C$8="원금균등",'계산기'!$C$5/'계산기'!$C$7,0)))) | F17: =IF(B17="","",D17+E17) | G17: =IF(B17="","",C17-E17)
B18: =IF(13<='계산기'!$C$7,13,"") | C18: =IF(B18="","",G17) | D18: =IF(B18="","",C18*'계산기'!$C$12) | E18: =IF(B18="","",IF(B18='계산기'!$C$7,C18,IF('계산기'!$C$8="원리금균등",IF('계산기'!$C$12=0,'계산기'!$C$5/'계산기'!$C$7,PMT('계산기'!$C$12,'계산기'!$C$7,-'계산기'!$C$5))-D18,IF('계산기'!$C$8="원금균등",'계산기'!$C$5/'계산기'!$C$7,0)))) | F18: =IF(B18="","",D18+E18) | G18: =IF(B18="","",C18-E18)
B19: =IF(14<='계산기'!$C$7,14,"") | C19: =IF(B19="","",G18) | D19: =IF(B19="","",C19*'계산기'!$C$12) | E19: =IF(B19="","",IF(B19='계산기'!$C$7,C19,IF('계산기'!$C$8="원리금균등",IF('계산기'!$C$12=0,'계산기'!$C$5/'계산기'!$C$7,PMT('계산기'!$C$12,'계산기'!$C$7,-'계산기'!$C$5))-D19,IF('계산기'!$C$8="원금균등",'계산기'!$C$5/'계산기'!$C$7,0)))) | F19: =IF(B19="","",D19+E19) | G19: =IF(B19="","",C19-E19)
B20: =IF(15<='계산기'!$C$7,15,"") | C20: =IF(B20="","",G19) | D20: =IF(B20="","",C20*'계산기'!$C$12) | E20: =IF(B20="","",IF(B20='계산기'!$C$7,C20,IF('계산기'!$C$8="원리금균등",IF('계산기'!$C$12=0,'계산기'!$C$5/'계산기'!$C$7,PMT('계산기'!$C$12,'계산기'!$C$7,-'계산기'!$C$5))-D20,IF('계산기'!$C$8="원금균등",'계산기'!$C$5/'계산기'!$C$7,0)))) | F20: =IF(B20="","",D20+E20) | G20: =IF(B20="","",C20-E20)
B21: =IF(16<='계산기'!$C$7,16,"") | C21: =IF(B21="","",G20) | D21: =IF(B21="","",C21*'계산기'!$C$12) | E21: =IF(B21="","",IF(B21='계산기'!$C$7,C21,IF('계산기'!$C$8="원리금균등",IF('계산기'!$C$12=0,'계산기'!$C$5/'계산기'!$C$7,PMT('계산기'!$C$12,'계산기'!$C$7,-'계산기'!$C$5))-D21,IF('계산기'!$C$8="원금균등",'계산기'!$C$5/'계산기'!$C$7,0)))) | F21: =IF(B21="","",D21+E21) | G21: =IF(B21="","",C21-E21)
B22: =IF(17<='계산기'!$C$7,17,"") | C22: =IF(B22="","",G21) | D22: =IF(B22="","",C22*'계산기'!$C$12) | E22: =IF(B22="","",IF(B22='계산기'!$C$7,C22,IF('계산기'!$C$8="원리금균등",IF('계산기'!$C$12=0,'계산기'!$C$5/'계산기'!$C$7,PMT('계산기'!$C$12,'계산기'!$C$7,-'계산기'!$C$5))-D22,IF('계산기'!$C$8="원금균등",'계산기'!$C$5/'계산기'!$C$7,0)))) | F22: =IF(B22="","",D22+E22) | G22: =IF(B22="","",C22-E22)
B23: =IF(18<='계산기'!$C$7,18,"") | C23: =IF(B23="","",G22) | D23: =IF(B23="","",C23*'계산기'!$C$12) | E23: =IF(B23="","",IF(B23='계산기'!$C$7,C23,IF('계산기'!$C$8="원리금균등",IF('계산기'!$C$12=0,'계산기'!$C$5/'계산기'!$C$7,PMT('계산기'!$C$12,'계산기'!$C$7,-'계산기'!$C$5))-D23,IF('계산기'!$C$8="원금균등",'계산기'!$C$5/'계산기'!$C$7,0)))) | F23: =IF(B23="","",D23+E23) | G23: =IF(B23="","",C23-E23)
B24: =IF(19<='계산기'!$C$7,19,"") | C24: =IF(B24="","",G23) | D24: =IF(B24="","",C24*'계산기'!$C$12) | E24: =IF(B24="","",IF(B24='계산기'!$C$7,C24,IF('계산기'!$C$8="원리금균등",IF('계산기'!$C$12=0,'계산기'!$C$5/'계산기'!$C$7,PMT('계산기'!$C$12,'계산기'!$C$7,-'계산기'!$C$5))-D24,IF('계산기'!$C$8="원금균등",'계산기'!$C$5/'계산기'!$C$7,0)))) | F24: =IF(B24="","",D24+E24) | G24: =IF(B24="","",C24-E24)
B25: =IF(20<='계산기'!$C$7,20,"") | C25: =IF(B25="","",G24) | D25: =IF(B25="","",C25*'계산기'!$C$12) | E25: =IF(B25="","",IF(B25='계산기'!$C$7,C25,IF('계산기'!$C$8="원리금균등",IF('계산기'!$C$12=0,'계산기'!$C$5/'계산기'!$C$7,PMT('계산기'!$C$12,'계산기'!$C$7,-'계산기'!$C$5))-D25,IF('계산기'!$C$8="원금균등",'계산기'!$C$5/'계산기'!$C$7,0)))) | F25: =IF(B25="","",D25+E25) | G25: =IF(B25="","",C25-E25)
B26: =IF(21<='계산기'!$C$7,21,"") | C26: =IF(B26="","",G25) | D26: =IF(B26="","",C26*'계산기'!$C$12) | E26: =IF(B26="","",IF(B26='계산기'!$C$7,C26,IF('계산기'!$C$8="원리금균등",IF('계산기'!$C$12=0,'계산기'!$C$5/'계산기'!$C$7,PMT('계산기'!$C$12,'계산기'!$C$7,-'계산기'!$C$5))-D26,IF('계산기'!$C$8="원금균등",'계산기'!$C$5/'계산기'!$C$7,0)))) | F26: =IF(B26="","",D26+E26) | G26: =IF(B26="","",C26-E26)
B27: =IF(22<='계산기'!$C$7,22,"") | C27: =IF(B27="","",G26) | D27: =IF(B27="","",C27*'계산기'!$C$12) | E27: =IF(B27="","",IF(B27='계산기'!$C$7,C27,IF('계산기'!$C$8="원리금균등",IF('계산기'!$C$12=0,'계산기'!$C$5/'계산기'!$C$7,PMT('계산기'!$C$12,'계산기'!$C$7,-'계산기'!$C$5))-D27,IF('계산기'!$C$8="원금균등",'계산기'!$C$5/'계산기'!$C$7,0)))) | F27: =IF(B27="","",D27+E27) | G27: =IF(B27="","",C27-E27)
B28: =IF(23<='계산기'!$C$7,23,"") | C28: =IF(B28="","",G27) | D28: =IF(B28="","",C28*'계산기'!$C$12) | E28: =IF(B28="","",IF(B28='계산기'!$C$7,C28,IF('계산기'!$C$8="원리금균등",IF('계산기'!$C$12=0,'계산기'!$C$5/'계산기'!$C$7,PMT('계산기'!$C$12,'계산기'!$C$7,-'계산기'!$C$5))-D28,IF('계산기'!$C$8="원금균등",'계산기'!$C$5/'계산기'!$C$7,0)))) | F28: =IF(B28="","",D28+E28) | G28: =IF(B28="","",C28-E28)
B29: =IF(24<='계산기'!$C$7,24,"") | C29: =IF(B29="","",G28) | D29: =IF(B29="","",C29*'계산기'!$C$12) | E29: =IF(B29="","",IF(B29='계산기'!$C$7,C29,IF('계산기'!$C$8="원리금균등",IF('계산기'!$C$12=0,'계산기'!$C$5/'계산기'!$C$7,PMT('계산기'!$C$12,'계산기'!$C$7,-'계산기'!$C$5))-D29,IF('계산기'!$C$8="원금균등",'계산기'!$C$5/'계산기'!$C$7,0)))) | F29: =IF(B29="","",D29+E29) | G29: =IF(B29="","",C29-E29)
B30: =IF(25<='계산기'!$C$7,25,"") | C30: =IF(B30="","",G29) | D30: =IF(B30="","",C30*'계산기'!$C$12) | E30: =IF(B30="","",IF(B30='계산기'!$C$7,C30,IF('계산기'!$C$8="원리금균등",IF('계산기'!$C$12=0,'계산기'!$C$5/'계산기'!$C$7,PMT('계산기'!$C$12,'계산기'!$C$7,-'계산기'!$C$5))-D30,IF('계산기'!$C$8="원금균등",'계산기'!$C$5/'계산기'!$C$7,0)))) | F30: =IF(B30="","",D30+E30) | G30: =IF(B30="","",C30-E30)
B31: =IF(26<='계산기'!$C$7,26,"") | C31: =IF(B31="","",G30) | D31: =IF(B31="","",C31*'계산기'!$C$12) | E31: =IF(B31="","",IF(B31='계산기'!$C$7,C31,IF('계산기'!$C$8="원리금균등",IF('계산기'!$C$12=0,'계산기'!$C$5/'계산기'!$C$7,PMT('계산기'!$C$12,'계산기'!$C$7,-'계산기'!$C$5))-D31,IF('계산기'!$C$8="원금균등",'계산기'!$C$5/'계산기'!$C$7,0)))) | F31: =IF(B31="","",D31+E31) | G31: =IF(B31="","",C31-E31)
B32: =IF(27<='계산기'!$C$7,27,"") | C32: =IF(B32="","",G31) | D32: =IF(B32="","",C32*'계산기'!$C$12) | E32: =IF(B32="","",IF(B32='계산기'!$C$7,C32,IF('계산기'!$C$8="원리금균등",IF('계산기'!$C$12=0,'계산기'!$C$5/'계산기'!$C$7,PMT('계산기'!$C$12,'계산기'!$C$7,-'계산기'!$C$5))-D32,IF('계산기'!$C$8="원금균등",'계산기'!$C$5/'계산기'!$C$7,0)))) | F32: =IF(B32="","",D32+E32) | G32: =IF(B32="","",C32-E32)
B33: =IF(28<='계산기'!$C$7,28,"") | C33: =IF(B33="","",G32) | D33: =IF(B33="","",C33*'계산기'!$C$12) | E33: =IF(B33="","",IF(B33='계산기'!$C$7,C33,IF('계산기'!$C$8="원리금균등",IF('계산기'!$C$12=0,'계산기'!$C$5/'계산기'!$C$7,PMT('계산기'!$C$12,'계산기'!$C$7,-'계산기'!$C$5))-D33,IF('계산기'!$C$8="원금균등",'계산기'!$C$5/'계산기'!$C$7,0)))) | F33: =IF(B33="","",D33+E33) | G33: =IF(B33="","",C33-E33)
B34: =IF(29<='계산기'!$C$7,29,"") | C34: =IF(B34="","",G33) | D34: =IF(B34="","",C34*'계산기'!$C$12) | E34: =IF(B34="","",IF(B34='계산기'!$C$7,C34,IF('계산기'!$C$8="원리금균등",IF('계산기'!$C$12=0,'계산기'!$C$5/'계산기'!$C$7,PMT('계산기'!$C$12,'계산기'!$C$7,-'계산기'!$C$5))-D34,IF('계산기'!$C$8="원금균등",'계산기'!$C$5/'계산기'!$C$7,0)))) | F34: =IF(B34="","",D34+E34) | G34: =IF(B34="","",C34-E34)
B35: =IF(30<='계산기'!$C$7,30,"") | C35: =IF(B35="","",G34) | D35: =IF(B35="","",C35*'계산기'!$C$12) | E35: =IF(B35="","",IF(B35='계산기'!$C$7,C35,IF('계산기'!$C$8="원리금균등",IF('계산기'!$C$12=0,'계산기'!$C$5/'계산기'!$C$7,PMT('계산기'!$C$12,'계산기'!$C$7,-'계산기'!$C$5))-D35,IF('계산기'!$C$8="원금균등",'계산기'!$C$5/'계산기'!$C$7,0)))) | F35: =IF(B35="","",D35+E35) | G35: =IF(B35="","",C35-E35)
B36: =IF(31<='계산기'!$C$7,31,"") | C36: =IF(B36="","",G35) | D36: =IF(B36="","",C36*'계산기'!$C$12) | E36: =IF(B36="","",IF(B36='계산기'!$C$7,C36,IF('계산기'!$C$8="원리금균등",IF('계산기'!$C$12=0,'계산기'!$C$5/'계산기'!$C$7,PMT('계산기'!$C$12,'계산기'!$C$7,-'계산기'!$C$5))-D36,IF('계산기'!$C$8="원금균등",'계산기'!$C$5/'계산기'!$C$7,0)))) | F36: =IF(B36="","",D36+E36) | G36: =IF(B36="","",C36-E36)
B37: =IF(32<='계산기'!$C$7,32,"") | C37: =IF(B37="","",G36) | D37: =IF(B37="","",C37*'계산기'!$C$12) | E37: =IF(B37="","",IF(B37='계산기'!$C$7,C37,IF('계산기'!$C$8="원리금균등",IF('계산기'!$C$12=0,'계산기'!$C$5/'계산기'!$C$7,PMT('계산기'!$C$12,'계산기'!$C$7,-'계산기'!$C$5))-D37,IF('계산기'!$C$8="원금균등",'계산기'!$C$5/'계산기'!$C$7,0)))) | F37: =IF(B37="","",D37+E37) | G37: =IF(B37="","",C37-E37)
B38: =IF(33<='계산기'!$C$7,33,"") | C38: =IF(B38="","",G37) | D38: =IF(B38="","",C38*'계산기'!$C$12) | E38: =IF(B38="","",IF(B38='계산기'!$C$7,C38,IF('계산기'!$C$8="원리금균등",IF('계산기'!$C$12=0,'계산기'!$C$5/'계산기'!$C$7,PMT('계산기'!$C$12,'계산기'!$C$7,-'계산기'!$C$5))-D38,IF('계산기'!$C$8="원금균등",'계산기'!$C$5/'계산기'!$C$7,0)))) | F38: =IF(B38="","",D38+E38) | G38: =IF(B38="","",C38-E38)
B39: =IF(34<='계산기'!$C$7,34,"") | C39: =IF(B39="","",G38) | D39: =IF(B39="","",C39*'계산기'!$C$12) | E39: =IF(B39="","",IF(B39='계산기'!$C$7,C39,IF('계산기'!$C$8="원리금균등",IF('계산기'!$C$12=0,'계산기'!$C$5/'계산기'!$C$7,PMT('계산기'!$C$12,'계산기'!$C$7,-'계산기'!$C$5))-D39,IF('계산기'!$C$8="원금균등",'계산기'!$C$5/'계산기'!$C$7,0)))) | F39: =IF(B39="","",D39+E39) | G39: =IF(B39="","",C39-E39)
B40: =IF(35<='계산기'!$C$7,35,"") | C40: =IF(B40="","",G39) | D40: =IF(B40="","",C40*'계산기'!$C$12) | E40: =IF(B40="","",IF(B40='계산기'!$C$7,C40,IF('계산기'!$C$8="원리금균등",IF('계산기'!$C$12=0,'계산기'!$C$5/'계산기'!$C$7,PMT('계산기'!$C$12,'계산기'!$C$7,-'계산기'!$C$5))-D40,IF('계산기'!$C$8="원금균등",'계산기'!$C$5/'계산기'!$C$7,0)))) | F40: =IF(B40="","",D40+E40) | G40: =IF(B40="","",C40-E40)
B41: =IF(36<='계산기'!$C$7,36,"") | C41: =IF(B41="","",G40) | D41: =IF(B41="","",C41*'계산기'!$C$12) | E41: =IF(B41="","",IF(B41='계산기'!$C$7,C41,IF('계산기'!$C$8="원리금균등",IF('계산기'!$C$12=0,'계산기'!$C$5/'계산기'!$C$7,PMT('계산기'!$C$12,'계산기'!$C$7,-'계산기'!$C$5))-D41,IF('계산기'!$C$8="원금균등",'계산기'!$C$5/'계산기'!$C$7,0)))) | F41: =IF(B41="","",D41+E41) | G41: =IF(B41="","",C41-E41)
B42: =IF(37<='계산기'!$C$7,37,"") | C42: =IF(B42="","",G41) | D42: =IF(B42="","",C42*'계산기'!$C$12) | E42: =IF(B42="","",IF(B42='계산기'!$C$7,C42,IF('계산기'!$C$8="원리금균등",IF('계산기'!$C$12=0,'계산기'!$C$5/'계산기'!$C$7,PMT('계산기'!$C$12,'계산기'!$C$7,-'계산기'!$C$5))-D42,IF('계산기'!$C$8="원금균등",'계산기'!$C$5/'계산기'!$C$7,0)))) | F42: =IF(B42="","",D42+E42) | G42: =IF(B42="","",C42-E42)
B43: =IF(38<='계산기'!$C$7,38,"") | C43: =IF(B43="","",G42) | D43: =IF(B43="","",C43*'계산기'!$C$12) | E43: =IF(B43="","",IF(B43='계산기'!$C$7,C43,IF('계산기'!$C$8="원리금균등",IF('계산기'!$C$12=0,'계산기'!$C$5/'계산기'!$C$7,PMT('계산기'!$C$12,'계산기'!$C$7,-'계산기'!$C$5))-D43,IF('계산기'!$C$8="원금균등",'계산기'!$C$5/'계산기'!$C$7,0)))) | F43: =IF(B43="","",D43+E43) | G43: =IF(B43="","",C43-E43)
B44: =IF(39<='계산기'!$C$7,39,"") | C44: =IF(B44="","",G43) | D44: =IF(B44="","",C44*'계산기'!$C$12) | E44: =IF(B44="","",IF(B44='계산기'!$C$7,C44,IF('계산기'!$C$8="원리금균등",IF('계산기'!$C$12=0,'계산기'!$C$5/'계산기'!$C$7,PMT('계산기'!$C$12,'계산기'!$C$7,-'계산기'!$C$5))-D44,IF('계산기'!$C$8="원금균등",'계산기'!$C$5/'계산기'!$C$7,0)))) | F44: =IF(B44="","",D44+E44) | G44: =IF(B44="","",C44-E44)
B45: =IF(40<='계산기'!$C$7,40,"") | C45: =IF(B45="","",G44) | D45: =IF(B45="","",C45*'계산기'!$C$12) | E45: =IF(B45="","",IF(B45='계산기'!$C$7,C45,IF('계산기'!$C$8="원리금균등",IF('계산기'!$C$12=0,'계산기'!$C$5/'계산기'!$C$7,PMT('계산기'!$C$12,'계산기'!$C$7,-'계산기'!$C$5))-D45,IF('계산기'!$C$8="원금균등",'계산기'!$C$5/'계산기'!$C$7,0)))) | F45: =IF(B45="","",D45+E45) | G45: =IF(B45="","",C45-E45)
B46: =IF(41<='계산기'!$C$7,41,"") | C46: =IF(B46="","",G45) | D46: =IF(B46="","",C46*'계산기'!$C$12) | E46: =IF(B46="","",IF(B46='계산기'!$C$7,C46,IF('계산기'!$C$8="원리금균등",IF('계산기'!$C$12=0,'계산기'!$C$5/'계산기'!$C$7,PMT('계산기'!$C$12,'계산기'!$C$7,-'계산기'!$C$5))-D46,IF('계산기'!$C$8="원금균등",'계산기'!$C$5/'계산기'!$C$7,0)))) | F46: =IF(B46="","",D46+E46) | G46: =IF(B46="","",C46-E46)
B47: =IF(42<='계산기'!$C$7,42,"") | C47: =IF(B47="","",G46) | D47: =IF(B47="","",C47*'계산기'!$C$12) | E47: =IF(B47="","",IF(B47='계산기'!$C$7,C47,IF('계산기'!$C$8="원리금균등",IF('계산기'!$C$12=0,'계산기'!$C$5/'계산기'!$C$7,PMT('계산기'!$C$12,'계산기'!$C$7,-'계산기'!$C$5))-D47,IF('계산기'!$C$8="원금균등",'계산기'!$C$5/'계산기'!$C$7,0)))) | F47: =IF(B47="","",D47+E47) | G47: =IF(B47="","",C47-E47)
B48: =IF(43<='계산기'!$C$7,43,"") | C48: =IF(B48="","",G47) | D48: =IF(B48="","",C48*'계산기'!$C$12) | E48: =IF(B48="","",IF(B48='계산기'!$C$7,C48,IF('계산기'!$C$8="원리금균등",IF('계산기'!$C$12=0,'계산기'!$C$5/'계산기'!$C$7,PMT('계산기'!$C$12,'계산기'!$C$7,-'계산기'!$C$5))-D48,IF('계산기'!$C$8="원금균등",'계산기'!$C$5/'계산기'!$C$7,0)))) | F48: =IF(B48="","",D48+E48) | G48: =IF(B48="","",C48-E48)
B49: =IF(44<='계산기'!$C$7,44,"") | C49: =IF(B49="","",G48) | D49: =IF(B49="","",C49*'계산기'!$C$12) | E49: =IF(B49="","",IF(B49='계산기'!$C$7,C49,IF('계산기'!$C$8="원리금균등",IF('계산기'!$C$12=0,'계산기'!$C$5/'계산기'!$C$7,PMT('계산기'!$C$12,'계산기'!$C$7,-'계산기'!$C$5))-D49,IF('계산기'!$C$8="원금균등",'계산기'!$C$5/'계산기'!$C$7,0)))) | F49: =IF(B49="","",D49+E49) | G49: =IF(B49="","",C49-E49)
B50: =IF(45<='계산기'!$C$7,45,"") | C50: =IF(B50="","",G49) | D50: =IF(B50="","",C50*'계산기'!$C$12) | E50: =IF(B50="","",IF(B50='계산기'!$C$7,C50,IF('계산기'!$C$8="원리금균등",IF('계산기'!$C$12=0,'계산기'!$C$5/'계산기'!$C$7,PMT('계산기'!$C$12,'계산기'!$C$7,-'계산기'!$C$5))-D50,IF('계산기'!$C$8="원금균등",'계산기'!$C$5/'계산기'!$C$7,0)))) | F50: =IF(B50="","",D50+E50) | G50: =IF(B50="","",C50-E50)
B51: =IF(46<='계산기'!$C$7,46,"") | C51: =IF(B51="","",G50) | D51: =IF(B51="","",C51*'계산기'!$C$12) | E51: =IF(B51="","",IF(B51='계산기'!$C$7,C51,IF('계산기'!$C$8="원리금균등",IF('계산기'!$C$12=0,'계산기'!$C$5/'계산기'!$C$7,PMT('계산기'!$C$12,'계산기'!$C$7,-'계산기'!$C$5))-D51,IF('계산기'!$C$8="원금균등",'계산기'!$C$5/'계산기'!$C$7,0)))) | F51: =IF(B51="","",D51+E51) | G51: =IF(B51="","",C51-E51)
B52: =IF(47<='계산기'!$C$7,47,"") | C52: =IF(B52="","",G51) | D52: =IF(B52="","",C52*'계산기'!$C$12) | E52: =IF(B52="","",IF(B52='계산기'!$C$7,C52,IF('계산기'!$C$8="원리금균등",IF('계산기'!$C$12=0,'계산기'!$C$5/'계산기'!$C$7,PMT('계산기'!$C$12,'계산기'!$C$7,-'계산기'!$C$5))-D52,IF('계산기'!$C$8="원금균등",'계산기'!$C$5/'계산기'!$C$7,0)))) | F52: =IF(B52="","",D52+E52) | G52: =IF(B52="","",C52-E52)
B53: =IF(48<='계산기'!$C$7,48,"") | C53: =IF(B53="","",G52) | D53: =IF(B53="","",C53*'계산기'!$C$12) | E53: =IF(B53="","",IF(B53='계산기'!$C$7,C53,IF('계산기'!$C$8="원리금균등",IF('계산기'!$C$12=0,'계산기'!$C$5/'계산기'!$C$7,PMT('계산기'!$C$12,'계산기'!$C$7,-'계산기'!$C$5))-D53,IF('계산기'!$C$8="원금균등",'계산기'!$C$5/'계산기'!$C$7,0)))) | F53: =IF(B53="","",D53+E53) | G53: =IF(B53="","",C53-E53)
B54: =IF(49<='계산기'!$C$7,49,"") | C54: =IF(B54="","",G53) | D54: =IF(B54="","",C54*'계산기'!$C$12) | E54: =IF(B54="","",IF(B54='계산기'!$C$7,C54,IF('계산기'!$C$8="원리금균등",IF('계산기'!$C$12=0,'계산기'!$C$5/'계산기'!$C$7,PMT('계산기'!$C$12,'계산기'!$C$7,-'계산기'!$C$5))-D54,IF('계산기'!$C$8="원금균등",'계산기'!$C$5/'계산기'!$C$7,0)))) | F54: =IF(B54="","",D54+E54) | G54: =IF(B54="","",C54-E54)
B55: =IF(50<='계산기'!$C$7,50,"") | C55: =IF(B55="","",G54) | D55: =IF(B55="","",C55*'계산기'!$C$12) | E55: =IF(B55="","",IF(B55='계산기'!$C$7,C55,IF('계산기'!$C$8="원리금균등",IF('계산기'!$C$12=0,'계산기'!$C$5/'계산기'!$C$7,PMT('계산기'!$C$12,'계산기'!$C$7,-'계산기'!$C$5))-D55,IF('계산기'!$C$8="원금균등",'계산기'!$C$5/'계산기'!$C$7,0)))) | F55: =IF(B55="","",D55+E55) | G55: =IF(B55="","",C55-E55)
B56: =IF(51<='계산기'!$C$7,51,"") | C56: =IF(B56="","",G55) | D56: =IF(B56="","",C56*'계산기'!$C$12) | E56: =IF(B56="","",IF(B56='계산기'!$C$7,C56,IF('계산기'!$C$8="원리금균등",IF('계산기'!$C$12=0,'계산기'!$C$5/'계산기'!$C$7,PMT('계산기'!$C$12,'계산기'!$C$7,-'계산기'!$C$5))-D56,IF('계산기'!$C$8="원금균등",'계산기'!$C$5/'계산기'!$C$7,0)))) | F56: =IF(B56="","",D56+E56) | G56: =IF(B56="","",C56-E56)
B57: =IF(52<='계산기'!$C$7,52,"") | C57: =IF(B57="","",G56) | D57: =IF(B57="","",C57*'계산기'!$C$12) | E57: =IF(B57="","",IF(B57='계산기'!$C$7,C57,IF('계산기'!$C$8="원리금균등",IF('계산기'!$C$12=0,'계산기'!$C$5/'계산기'!$C$7,PMT('계산기'!$C$12,'계산기'!$C$7,-'계산기'!$C$5))-D57,IF('계산기'!$C$8="원금균등",'계산기'!$C$5/'계산기'!$C$7,0)))) | F57: =IF(B57="","",D57+E57) | G57: =IF(B57="","",C57-E57)
B58: =IF(53<='계산기'!$C$7,53,"") | C58: =IF(B58="","",G57) | D58: =IF(B58="","",C58*'계산기'!$C$12) | E58: =IF(B58="","",IF(B58='계산기'!$C$7,C58,IF('계산기'!$C$8="원리금균등",IF('계산기'!$C$12=0,'계산기'!$C$5/'계산기'!$C$7,PMT('계산기'!$C$12,'계산기'!$C$7,-'계산기'!$C$5))-D58,IF('계산기'!$C$8="원금균등",'계산기'!$C$5/'계산기'!$C$7,0)))) | F58: =IF(B58="","",D58+E58) | G58: =IF(B58="","",C58-E58)
B59: =IF(54<='계산기'!$C$7,54,"") | C59: =IF(B59="","",G58) | D59: =IF(B59="","",C59*'계산기'!$C$12) | E59: =IF(B59="","",IF(B59='계산기'!$C$7,C59,IF('계산기'!$C$8="원리금균등",IF('계산기'!$C$12=0,'계산기'!$C$5/'계산기'!$C$7,PMT('계산기'!$C$12,'계산기'!$C$7,-'계산기'!$C$5))-D59,IF('계산기'!$C$8="원금균등",'계산기'!$C$5/'계산기'!$C$7,0)))) | F59: =IF(B59="","",D59+E59) | G59: =IF(B59="","",C59-E59)
B60: =IF(55<='계산기'!$C$7,55,"") | C60: =IF(B60="","",G59) | D60: =IF(B60="","",C60*'계산기'!$C$12) | E60: =IF(B60="","",IF(B60='계산기'!$C$7,C60,IF('계산기'!$C$8="원리금균등",IF('계산기'!$C$12=0,'계산기'!$C$5/'계산기'!$C$7,PMT('계산기'!$C$12,'계산기'!$C$7,-'계산기'!$C$5))-D60,IF('계산기'!$C$8="원금균등",'계산기'!$C$5/'계산기'!$C$7,0)))) | F60: =IF(B60="","",D60+E60) | G60: =IF(B60="","",C60-E60)
B61: =IF(56<='계산기'!$C$7,56,"") | C61: =IF(B61="","",G60) | D61: =IF(B61="","",C61*'계산기'!$C$12) | E61: =IF(B61="","",IF(B61='계산기'!$C$7,C61,IF('계산기'!$C$8="원리금균등",IF('계산기'!$C$12=0,'계산기'!$C$5/'계산기'!$C$7,PMT('계산기'!$C$12,'계산기'!$C$7,-'계산기'!$C$5))-D61,IF('계산기'!$C$8="원금균등",'계산기'!$C$5/'계산기'!$C$7,0)))) | F61: =IF(B61="","",D61+E61) | G61: =IF(B61="","",C61-E61)
B62: =IF(57<='계산기'!$C$7,57,"") | C62: =IF(B62="","",G61) | D62: =IF(B62="","",C62*'계산기'!$C$12) | E62: =IF(B62="","",IF(B62='계산기'!$C$7,C62,IF('계산기'!$C$8="원리금균등",IF('계산기'!$C$12=0,'계산기'!$C$5/'계산기'!$C$7,PMT('계산기'!$C$12,'계산기'!$C$7,-'계산기'!$C$5))-D62,IF('계산기'!$C$8="원금균등",'계산기'!$C$5/'계산기'!$C$7,0)))) | F62: =IF(B62="","",D62+E62) | G62: =IF(B62="","",C62-E62)
B63: =IF(58<='계산기'!$C$7,58,"") | C63: =IF(B63="","",G62) | D63: =IF(B63="","",C63*'계산기'!$C$12) | E63: =IF(B63="","",IF(B63='계산기'!$C$7,C63,IF('계산기'!$C$8="원리금균등",IF('계산기'!$C$12=0,'계산기'!$C$5/'계산기'!$C$7,PMT('계산기'!$C$12,'계산기'!$C$7,-'계산기'!$C$5))-D63,IF('계산기'!$C$8="원금균등",'계산기'!$C$5/'계산기'!$C$7,0)))) | F63: =IF(B63="","",D63+E63) | G63: =IF(B63="","",C63-E63)
B64: =IF(59<='계산기'!$C$7,59,"") | C64: =IF(B64="","",G63) | D64: =IF(B64="","",C64*'계산기'!$C$12) | E64: =IF(B64="","",IF(B64='계산기'!$C$7,C64,IF('계산기'!$C$8="원리금균등",IF('계산기'!$C$12=0,'계산기'!$C$5/'계산기'!$C$7,PMT('계산기'!$C$12,'계산기'!$C$7,-'계산기'!$C$5))-D64,IF('계산기'!$C$8="원금균등",'계산기'!$C$5/'계산기'!$C$7,0)))) | F64: =IF(B64="","",D64+E64) | G64: =IF(B64="","",C64-E64)
B65: =IF(60<='계산기'!$C$7,60,"") | C65: =IF(B65="","",G64) | D65: =IF(B65="","",C65*'계산기'!$C$12) | E65: =IF(B65="","",IF(B65='계산기'!$C$7,C65,IF('계산기'!$C$8="원리금균등",IF('계산기'!$C$12=0,'계산기'!$C$5/'계산기'!$C$7,PMT('계산기'!$C$12,'계산기'!$C$7,-'계산기'!$C$5))-D65,IF('계산기'!$C$8="원금균등",'계산기'!$C$5/'계산기'!$C$7,0)))) | F65: =IF(B65="","",D65+E65) | G65: =IF(B65="","",C65-E65)
B66: =IF(61<='계산기'!$C$7,61,"") | C66: =IF(B66="","",G65) | D66: =IF(B66="","",C66*'계산기'!$C$12) | E66: =IF(B66="","",IF(B66='계산기'!$C$7,C66,IF('계산기'!$C$8="원리금균등",IF('계산기'!$C$12=0,'계산기'!$C$5/'계산기'!$C$7,PMT('계산기'!$C$12,'계산기'!$C$7,-'계산기'!$C$5))-D66,IF('계산기'!$C$8="원금균등",'계산기'!$C$5/'계산기'!$C$7,0)))) | F66: =IF(B66="","",D66+E66) | G66: =IF(B66="","",C66-E66)
B67: =IF(62<='계산기'!$C$7,62,"") | C67: =IF(B67="","",G66) | D67: =IF(B67="","",C67*'계산기'!$C$12) | E67: =IF(B67="","",IF(B67='계산기'!$C$7,C67,IF('계산기'!$C$8="원리금균등",IF('계산기'!$C$12=0,'계산기'!$C$5/'계산기'!$C$7,PMT('계산기'!$C$12,'계산기'!$C$7,-'계산기'!$C$5))-D67,IF('계산기'!$C$8="원금균등",'계산기'!$C$5/'계산기'!$C$7,0)))) | F67: =IF(B67="","",D67+E67) | G67: =IF(B67="","",C67-E67)
B68: =IF(63<='계산기'!$C$7,63,"") | C68: =IF(B68="","",G67) | D68: =IF(B68="","",C68*'계산기'!$C$12) | E68: =IF(B68="","",IF(B68='계산기'!$C$7,C68,IF('계산기'!$C$8="원리금균등",IF('계산기'!$C$12=0,'계산기'!$C$5/'계산기'!$C$7,PMT('계산기'!$C$12,'계산기'!$C$7,-'계산기'!$C$5))-D68,IF('계산기'!$C$8="원금균등",'계산기'!$C$5/'계산기'!$C$7,0)))) | F68: =IF(B68="","",D68+E68) | G68: =IF(B68="","",C68-E68)
B69: =IF(64<='계산기'!$C$7,64,"") | C69: =IF(B69="","",G68) | D69: =IF(B69="","",C69*'계산기'!$C$12) | E69: =IF(B69="","",IF(B69='계산기'!$C$7,C69,IF('계산기'!$C$8="원리금균등",IF('계산기'!$C$12=0,'계산기'!$C$5/'계산기'!$C$7,PMT('계산기'!$C$12,'계산기'!$C$7,-'계산기'!$C$5))-D69,IF('계산기'!$C$8="원금균등",'계산기'!$C$5/'계산기'!$C$7,0)))) | F69: =IF(B69="","",D69+E69) | G69: =IF(B69="","",C69-E69)
B70: =IF(65<='계산기'!$C$7,65,"") | C70: =IF(B70="","",G69) | D70: =IF(B70="","",C70*'계산기'!$C$12) | E70: =IF(B70="","",IF(B70='계산기'!$C$7,C70,IF('계산기'!$C$8="원리금균등",IF('계산기'!$C$12=0,'계산기'!$C$5/'계산기'!$C$7,PMT('계산기'!$C$12,'계산기'!$C$7,-'계산기'!$C$5))-D70,IF('계산기'!$C$8="원금균등",'계산기'!$C$5/'계산기'!$C$7,0)))) | F70: =IF(B70="","",D70+E70) | G70: =IF(B70="","",C70-E70)
B71: =IF(66<='계산기'!$C$7,66,"") | C71: =IF(B71="","",G70) | D71: =IF(B71="","",C71*'계산기'!$C$12) | E71: =IF(B71="","",IF(B71='계산기'!$C$7,C71,IF('계산기'!$C$8="원리금균등",IF('계산기'!$C$12=0,'계산기'!$C$5/'계산기'!$C$7,PMT('계산기'!$C$12,'계산기'!$C$7,-'계산기'!$C$5))-D71,IF('계산기'!$C$8="원금균등",'계산기'!$C$5/'계산기'!$C$7,0)))) | F71: =IF(B71="","",D71+E71) | G71: =IF(B71="","",C71-E71)
B72: =IF(67<='계산기'!$C$7,67,"") | C72: =IF(B72="","",G71) | D72: =IF(B72="","",C72*'계산기'!$C$12) | E72: =IF(B72="","",IF(B72='계산기'!$C$7,C72,IF('계산기'!$C$8="원리금균등",IF('계산기'!$C$12=0,'계산기'!$C$5/'계산기'!$C$7,PMT('계산기'!$C$12,'계산기'!$C$7,-'계산기'!$C$5))-D72,IF('계산기'!$C$8="원금균등",'계산기'!$C$5/'계산기'!$C$7,0)))) | F72: =IF(B72="","",D72+E72) | G72: =IF(B72="","",C72-E72)
B73: =IF(68<='계산기'!$C$7,68,"") | C73: =IF(B73="","",G72) | D73: =IF(B73="","",C73*'계산기'!$C$12) | E73: =IF(B73="","",IF(B73='계산기'!$C$7,C73,IF('계산기'!$C$8="원리금균등",IF('계산기'!$C$12=0,'계산기'!$C$5/'계산기'!$C$7,PMT('계산기'!$C$12,'계산기'!$C$7,-'계산기'!$C$5))-D73,IF('계산기'!$C$8="원금균등",'계산기'!$C$5/'계산기'!$C$7,0)))) | F73: =IF(B73="","",D73+E73) | G73: =IF(B73="","",C73-E73)
B74: =IF(69<='계산기'!$C$7,69,"") | C74: =IF(B74="","",G73) | D74: =IF(B74="","",C74*'계산기'!$C$12) | E74: =IF(B74="","",IF(B74='계산기'!$C$7,C74,IF('계산기'!$C$8="원리금균등",IF('계산기'!$C$12=0,'계산기'!$C$5/'계산기'!$C$7,PMT('계산기'!$C$12,'계산기'!$C$7,-'계산기'!$C$5))-D74,IF('계산기'!$C$8="원금균등",'계산기'!$C$5/'계산기'!$C$7,0)))) | F74: =IF(B74="","",D74+E74) | G74: =IF(B74="","",C74-E74)
B75: =IF(70<='계산기'!$C$7,70,"") | C75: =IF(B75="","",G74) | D75: =IF(B75="","",C75*'계산기'!$C$12) | E75: =IF(B75="","",IF(B75='계산기'!$C$7,C75,IF('계산기'!$C$8="원리금균등",IF('계산기'!$C$12=0,'계산기'!$C$5/'계산기'!$C$7,PMT('계산기'!$C$12,'계산기'!$C$7,-'계산기'!$C$5))-D75,IF('계산기'!$C$8="원금균등",'계산기'!$C$5/'계산기'!$C$7,0)))) | F75: =IF(B75="","",D75+E75) | G75: =IF(B75="","",C75-E75)
B76: =IF(71<='계산기'!$C$7,71,"") | C76: =IF(B76="","",G75) | D76: =IF(B76="","",C76*'계산기'!$C$12) | E76: =IF(B76="","",IF(B76='계산기'!$C$7,C76,IF('계산기'!$C$8="원리금균등",IF('계산기'!$C$12=0,'계산기'!$C$5/'계산기'!$C$7,PMT('계산기'!$C$12,'계산기'!$C$7,-'계산기'!$C$5))-D76,IF('계산기'!$C$8="원금균등",'계산기'!$C$5/'계산기'!$C$7,0)))) | F76: =IF(B76="","",D76+E76) | G76: =IF(B76="","",C76-E76)
B77: =IF(72<='계산기'!$C$7,72,"") | C77: =IF(B77="","",G76) | D77: =IF(B77="","",C77*'계산기'!$C$12) | E77: =IF(B77="","",IF(B77='계산기'!$C$7,C77,IF('계산기'!$C$8="원리금균등",IF('계산기'!$C$12=0,'계산기'!$C$5/'계산기'!$C$7,PMT('계산기'!$C$12,'계산기'!$C$7,-'계산기'!$C$5))-D77,IF('계산기'!$C$8="원금균등",'계산기'!$C$5/'계산기'!$C$7,0)))) | F77: =IF(B77="","",D77+E77) | G77: =IF(B77="","",C77-E77)
B78: =IF(73<='계산기'!$C$7,73,"") | C78: =IF(B78="","",G77) | D78: =IF(B78="","",C78*'계산기'!$C$12) | E78: =IF(B78="","",IF(B78='계산기'!$C$7,C78,IF('계산기'!$C$8="원리금균등",IF('계산기'!$C$12=0,'계산기'!$C$5/'계산기'!$C$7,PMT('계산기'!$C$12,'계산기'!$C$7,-'계산기'!$C$5))-D78,IF('계산기'!$C$8="원금균등",'계산기'!$C$5/'계산기'!$C$7,0)))) | F78: =IF(B78="","",D78+E78) | G78: =IF(B78="","",C78-E78)
B79: =IF(74<='계산기'!$C$7,74,"") | C79: =IF(B79="","",G78) | D79: =IF(B79="","",C79*'계산기'!$C$12) | E79: =IF(B79="","",IF(B79='계산기'!$C$7,C79,IF('계산기'!$C$8="원리금균등",IF('계산기'!$C$12=0,'계산기'!$C$5/'계산기'!$C$7,PMT('계산기'!$C$12,'계산기'!$C$7,-'계산기'!$C$5))-D79,IF('계산기'!$C$8="원금균등",'계산기'!$C$5/'계산기'!$C$7,0)))) | F79: =IF(B79="","",D79+E79) | G79: =IF(B79="","",C79-E79)
B80: =IF(75<='계산기'!$C$7,75,"") | C80: =IF(B80="","",G79) | D80: =IF(B80="","",C80*'계산기'!$C$12) | E80: =IF(B80="","",IF(B80='계산기'!$C$7,C80,IF('계산기'!$C$8="원리금균등",IF('계산기'!$C$12=0,'계산기'!$C$5/'계산기'!$C$7,PMT('계산기'!$C$12,'계산기'!$C$7,-'계산기'!$C$5))-D80,IF('계산기'!$C$8="원금균등",'계산기'!$C$5/'계산기'!$C$7,0)))) | F80: =IF(B80="","",D80+E80) | G80: =IF(B80="","",C80-E80)
B81: =IF(76<='계산기'!$C$7,76,"") | C81: =IF(B81="","",G80) | D81: =IF(B81="","",C81*'계산기'!$C$12) | E81: =IF(B81="","",IF(B81='계산기'!$C$7,C81,IF('계산기'!$C$8="원리금균등",IF('계산기'!$C$12=0,'계산기'!$C$5/'계산기'!$C$7,PMT('계산기'!$C$12,'계산기'!$C$7,-'계산기'!$C$5))-D81,IF('계산기'!$C$8="원금균등",'계산기'!$C$5/'계산기'!$C$7,0)))) | F81: =IF(B81="","",D81+E81) | G81: =IF(B81="","",C81-E81)
B82: =IF(77<='계산기'!$C$7,77,"") | C82: =IF(B82="","",G81) | D82: =IF(B82="","",C82*'계산기'!$C$12) | E82: =IF(B82="","",IF(B82='계산기'!$C$7,C82,IF('계산기'!$C$8="원리금균등",IF('계산기'!$C$12=0,'계산기'!$C$5/'계산기'!$C$7,PMT('계산기'!$C$12,'계산기'!$C$7,-'계산기'!$C$5))-D82,IF('계산기'!$C$8="원금균등",'계산기'!$C$5/'계산기'!$C$7,0)))) | F82: =IF(B82="","",D82+E82) | G82: =IF(B82="","",C82-E82)
B83: =IF(78<='계산기'!$C$7,78,"") | C83: =IF(B83="","",G82) | D83: =IF(B83="","",C83*'계산기'!$C$12) | E83: =IF(B83="","",IF(B83='계산기'!$C$7,C83,IF('계산기'!$C$8="원리금균등",IF('계산기'!$C$12=0,'계산기'!$C$5/'계산기'!$C$7,PMT('계산기'!$C$12,'계산기'!$C$7,-'계산기'!$C$5))-D83,IF('계산기'!$C$8="원금균등",'계산기'!$C$5/'계산기'!$C$7,0)))) | F83: =IF(B83="","",D83+E83) | G83: =IF(B83="","",C83-E83)
B84: =IF(79<='계산기'!$C$7,79,"") | C84: =IF(B84="","",G83) | D84: =IF(B84="","",C84*'계산기'!$C$12) | E84: =IF(B84="","",IF(B84='계산기'!$C$7,C84,IF('계산기'!$C$8="원리금균등",IF('계산기'!$C$12=0,'계산기'!$C$5/'계산기'!$C$7,PMT('계산기'!$C$12,'계산기'!$C$7,-'계산기'!$C$5))-D84,IF('계산기'!$C$8="원금균등",'계산기'!$C$5/'계산기'!$C$7,0)))) | F84: =IF(B84="","",D84+E84) | G84: =IF(B84="","",C84-E84)
B85: =IF(80<='계산기'!$C$7,80,"") | C85: =IF(B85="","",G84) | D85: =IF(B85="","",C85*'계산기'!$C$12) | E85: =IF(B85="","",IF(B85='계산기'!$C$7,C85,IF('계산기'!$C$8="원리금균등",IF('계산기'!$C$12=0,'계산기'!$C$5/'계산기'!$C$7,PMT('계산기'!$C$12,'계산기'!$C$7,-'계산기'!$C$5))-D85,IF('계산기'!$C$8="원금균등",'계산기'!$C$5/'계산기'!$C$7,0)))) | F85: =IF(B85="","",D85+E85) | G85: =IF(B85="","",C85-E85)
B86: =IF(81<='계산기'!$C$7,81,"") | C86: =IF(B86="","",G85) | D86: =IF(B86="","",C86*'계산기'!$C$12) | E86: =IF(B86="","",IF(B86='계산기'!$C$7,C86,IF('계산기'!$C$8="원리금균등",IF('계산기'!$C$12=0,'계산기'!$C$5/'계산기'!$C$7,PMT('계산기'!$C$12,'계산기'!$C$7,-'계산기'!$C$5))-D86,IF('계산기'!$C$8="원금균등",'계산기'!$C$5/'계산기'!$C$7,0)))) | F86: =IF(B86="","",D86+E86) | G86: =IF(B86="","",C86-E86)
B87: =IF(82<='계산기'!$C$7,82,"") | C87: =IF(B87="","",G86) | D87: =IF(B87="","",C87*'계산기'!$C$12) | E87: =IF(B87="","",IF(B87='계산기'!$C$7,C87,IF('계산기'!$C$8="원리금균등",IF('계산기'!$C$12=0,'계산기'!$C$5/'계산기'!$C$7,PMT('계산기'!$C$12,'계산기'!$C$7,-'계산기'!$C$5))-D87,IF('계산기'!$C$8="원금균등",'계산기'!$C$5/'계산기'!$C$7,0)))) | F87: =IF(B87="","",D87+E87) | G87: =IF(B87="","",C87-E87)
B88: =IF(83<='계산기'!$C$7,83,"") | C88: =IF(B88="","",G87) | D88: =IF(B88="","",C88*'계산기'!$C$12) | E88: =IF(B88="","",IF(B88='계산기'!$C$7,C88,IF('계산기'!$C$8="원리금균등",IF('계산기'!$C$12=0,'계산기'!$C$5/'계산기'!$C$7,PMT('계산기'!$C$12,'계산기'!$C$7,-'계산기'!$C$5))-D88,IF('계산기'!$C$8="원금균등",'계산기'!$C$5/'계산기'!$C$7,0)))) | F88: =IF(B88="","",D88+E88) | G88: =IF(B88="","",C88-E88)
B89: =IF(84<='계산기'!$C$7,84,"") | C89: =IF(B89="","",G88) | D89: =IF(B89="","",C89*'계산기'!$C$12) | E89: =IF(B89="","",IF(B89='계산기'!$C$7,C89,IF('계산기'!$C$8="원리금균등",IF('계산기'!$C$12=0,'계산기'!$C$5/'계산기'!$C$7,PMT('계산기'!$C$12,'계산기'!$C$7,-'계산기'!$C$5))-D89,IF('계산기'!$C$8="원금균등",'계산기'!$C$5/'계산기'!$C$7,0)))) | F89: =IF(B89="","",D89+E89) | G89: =IF(B89="","",C89-E89)
B90: =IF(85<='계산기'!$C$7,85,"") | C90: =IF(B90="","",G89) | D90: =IF(B90="","",C90*'계산기'!$C$12) | E90: =IF(B90="","",IF(B90='계산기'!$C$7,C90,IF('계산기'!$C$8="원리금균등",IF('계산기'!$C$12=0,'계산기'!$C$5/'계산기'!$C$7,PMT('계산기'!$C$12,'계산기'!$C$7,-'계산기'!$C$5))-D90,IF('계산기'!$C$8="원금균등",'계산기'!$C$5/'계산기'!$C$7,0)))) | F90: =IF(B90="","",D90+E90) | G90: =IF(B90="","",C90-E90)
B91: =IF(86<='계산기'!$C$7,86,"") | C91: =IF(B91="","",G90) | D91: =IF(B91="","",C91*'계산기'!$C$12) | E91: =IF(B91="","",IF(B91='계산기'!$C$7,C91,IF('계산기'!$C$8="원리금균등",IF('계산기'!$C$12=0,'계산기'!$C$5/'계산기'!$C$7,PMT('계산기'!$C$12,'계산기'!$C$7,-'계산기'!$C$5))-D91,IF('계산기'!$C$8="원금균등",'계산기'!$C$5/'계산기'!$C$7,0)))) | F91: =IF(B91="","",D91+E91) | G91: =IF(B91="","",C91-E91)
B92: =IF(87<='계산기'!$C$7,87,"") | C92: =IF(B92="","",G91) | D92: =IF(B92="","",C92*'계산기'!$C$12) | E92: =IF(B92="","",IF(B92='계산기'!$C$7,C92,IF('계산기'!$C$8="원리금균등",IF('계산기'!$C$12=0,'계산기'!$C$5/'계산기'!$C$7,PMT('계산기'!$C$12,'계산기'!$C$7,-'계산기'!$C$5))-D92,IF('계산기'!$C$8="원금균등",'계산기'!$C$5/'계산기'!$C$7,0)))) | F92: =IF(B92="","",D92+E92) | G92: =IF(B92="","",C92-E92)
B93: =IF(88<='계산기'!$C$7,88,"") | C93: =IF(B93="","",G92) | D93: =IF(B93="","",C93*'계산기'!$C$12) | E93: =IF(B93="","",IF(B93='계산기'!$C$7,C93,IF('계산기'!$C$8="원리금균등",IF('계산기'!$C$12=0,'계산기'!$C$5/'계산기'!$C$7,PMT('계산기'!$C$12,'계산기'!$C$7,-'계산기'!$C$5))-D93,IF('계산기'!$C$8="원금균등",'계산기'!$C$5/'계산기'!$C$7,0)))) | F93: =IF(B93="","",D93+E93) | G93: =IF(B93="","",C93-E93)
B94: =IF(89<='계산기'!$C$7,89,"") | C94: =IF(B94="","",G93) | D94: =IF(B94="","",C94*'계산기'!$C$12) | E94: =IF(B94="","",IF(B94='계산기'!$C$7,C94,IF('계산기'!$C$8="원리금균등",IF('계산기'!$C$12=0,'계산기'!$C$5/'계산기'!$C$7,PMT('계산기'!$C$12,'계산기'!$C$7,-'계산기'!$C$5))-D94,IF('계산기'!$C$8="원금균등",'계산기'!$C$5/'계산기'!$C$7,0)))) | F94: =IF(B94="","",D94+E94) | G94: =IF(B94="","",C94-E94)
B95: =IF(90<='계산기'!$C$7,90,"") | C95: =IF(B95="","",G94) | D95: =IF(B95="","",C95*'계산기'!$C$12) | E95: =IF(B95="","",IF(B95='계산기'!$C$7,C95,IF('계산기'!$C$8="원리금균등",IF('계산기'!$C$12=0,'계산기'!$C$5/'계산기'!$C$7,PMT('계산기'!$C$12,'계산기'!$C$7,-'계산기'!$C$5))-D95,IF('계산기'!$C$8="원금균등",'계산기'!$C$5/'계산기'!$C$7,0)))) | F95: =IF(B95="","",D95+E95) | G95: =IF(B95="","",C95-E95)
B96: =IF(91<='계산기'!$C$7,91,"") | C96: =IF(B96="","",G95) | D96: =IF(B96="","",C96*'계산기'!$C$12) | E96: =IF(B96="","",IF(B96='계산기'!$C$7,C96,IF('계산기'!$C$8="원리금균등",IF('계산기'!$C$12=0,'계산기'!$C$5/'계산기'!$C$7,PMT('계산기'!$C$12,'계산기'!$C$7,-'계산기'!$C$5))-D96,IF('계산기'!$C$8="원금균등",'계산기'!$C$5/'계산기'!$C$7,0)))) | F96: =IF(B96="","",D96+E96) | G96: =IF(B96="","",C96-E96)
B97: =IF(92<='계산기'!$C$7,92,"") | C97: =IF(B97="","",G96) | D97: =IF(B97="","",C97*'계산기'!$C$12) | E97: =IF(B97="","",IF(B97='계산기'!$C$7,C97,IF('계산기'!$C$8="원리금균등",IF('계산기'!$C$12=0,'계산기'!$C$5/'계산기'!$C$7,PMT('계산기'!$C$12,'계산기'!$C$7,-'계산기'!$C$5))-D97,IF('계산기'!$C$8="원금균등",'계산기'!$C$5/'계산기'!$C$7,0)))) | F97: =IF(B97="","",D97+E97) | G97: =IF(B97="","",C97-E97)
B98: =IF(93<='계산기'!$C$7,93,"") | C98: =IF(B98="","",G97) | D98: =IF(B98="","",C98*'계산기'!$C$12) | E98: =IF(B98="","",IF(B98='계산기'!$C$7,C98,IF('계산기'!$C$8="원리금균등",IF('계산기'!$C$12=0,'계산기'!$C$5/'계산기'!$C$7,PMT('계산기'!$C$12,'계산기'!$C$7,-'계산기'!$C$5))-D98,IF('계산기'!$C$8="원금균등",'계산기'!$C$5/'계산기'!$C$7,0)))) | F98: =IF(B98="","",D98+E98) | G98: =IF(B98="","",C98-E98)
B99: =IF(94<='계산기'!$C$7,94,"") | C99: =IF(B99="","",G98) | D99: =IF(B99="","",C99*'계산기'!$C$12) | E99: =IF(B99="","",IF(B99='계산기'!$C$7,C99,IF('계산기'!$C$8="원리금균등",IF('계산기'!$C$12=0,'계산기'!$C$5/'계산기'!$C$7,PMT('계산기'!$C$12,'계산기'!$C$7,-'계산기'!$C$5))-D99,IF('계산기'!$C$8="원금균등",'계산기'!$C$5/'계산기'!$C$7,0)))) | F99: =IF(B99="","",D99+E99) | G99: =IF(B99="","",C99-E99)
B100: =IF(95<='계산기'!$C$7,95,"") | C100: =IF(B100="","",G99) | D100: =IF(B100="","",C100*'계산기'!$C$12) | E100: =IF(B100="","",IF(B100='계산기'!$C$7,C100,IF('계산기'!$C$8="원리금균등",IF('계산기'!$C$12=0,'계산기'!$C$5/'계산기'!$C$7,PMT('계산기'!$C$12,'계산기'!$C$7,-'계산기'!$C$5))-D100,IF('계산기'!$C$8="원금균등",'계산기'!$C$5/'계산기'!$C$7,0)))) | F100: =IF(B100="","",D100+E100) | G100: =IF(B100="","",C100-E100)
B101: =IF(96<='계산기'!$C$7,96,"") | C101: =IF(B101="","",G100) | D101: =IF(B101="","",C101*'계산기'!$C$12) | E101: =IF(B101="","",IF(B101='계산기'!$C$7,C101,IF('계산기'!$C$8="원리금균등",IF('계산기'!$C$12=0,'계산기'!$C$5/'계산기'!$C$7,PMT('계산기'!$C$12,'계산기'!$C$7,-'계산기'!$C$5))-D101,IF('계산기'!$C$8="원금균등",'계산기'!$C$5/'계산기'!$C$7,0)))) | F101: =IF(B101="","",D101+E101) | G101: =IF(B101="","",C101-E101)
B102: =IF(97<='계산기'!$C$7,97,"") | C102: =IF(B102="","",G101) | D102: =IF(B102="","",C102*'계산기'!$C$12) | E102: =IF(B102="","",IF(B102='계산기'!$C$7,C102,IF('계산기'!$C$8="원리금균등",IF('계산기'!$C$12=0,'계산기'!$C$5/'계산기'!$C$7,PMT('계산기'!$C$12,'계산기'!$C$7,-'계산기'!$C$5))-D102,IF('계산기'!$C$8="원금균등",'계산기'!$C$5/'계산기'!$C$7,0)))) | F102: =IF(B102="","",D102+E102) | G102: =IF(B102="","",C102-E102)
...
